{
    "registrations": [
      {
        "id": "REG123456",
        "timestamp": "29-10-2024T14:30:00.000Z",
        "personalInfo": {
          "nome": "Mario",
          "cognome": "Rossi",
          "telefono": "+39 333 1234567",
          "email": "mario.rossi@email.com",
          "indirizzo": "Via Roma 123, Milano, 20100"
        },
        "documents": {
          "documentoIdentita": {
            "fileName": "CI_MarioRossi.pdf",
            "fileType": "application/pdf",
            "uploadDate": "29-10-2024T14:29:50.000Z"
          },
          "codiceFiscale": {
            "fileName": "CF_MarioRossi.pdf",
            "fileType": "application/pdf",
            "uploadDate": "29-10-2024T14:29:55.000Z"
          }
        },
        "corsiSelezionati": [
          {
            "nomeCorso": "Cucina Italiana",
            "codiceCorso": "CUC001"
          },
          {
            "nomeCorso": "Storia dell'Arte",
            "codiceCorso": "STO001"
          },
          {
            "nomeCorso": "Lingua Italiana",
            "codiceCorso": "LIN001"
          }
        ],
        "privacyAccepted": true,
        "status": "pending",
        "notes": ""
      }
    ]
  }